{
  "exportedAt": "2026-01-02T19:14:43.712Z",
  "lease": {
    "id": "cmjwxa5y90009947ueb99nj6m",
    "status": "ACTIVE",
    "startDate": "2026-01-02T12:00:00.000Z",
    "rentAmount": 17500,
    "currency": "MAD",
    "paymentDay": 1
  },
  "property": {
    "label": "Casablanca"
  },
  "unit": {
    "label": "ApptAnfa"
  },
  "tenant": {
    "fullName": "Khalid",
    "address": null
  },
  "installments": [
    {
      "id": "cmjwxa5ya000a947ueailfdv5",
      "period": "2026-01",
      "dueDate": "2026-01-01T12:00:00.000Z",
      "amount": 17500,
      "status": "PAID",
      "paidAt": "2026-01-02T15:06:38.132Z"
    },
    {
      "id": "cmjwxa5ya000b947uzwm5fthr",
      "period": "2026-02",
      "dueDate": "2026-02-01T12:00:00.000Z",
      "amount": 17500,
      "status": "PAID",
      "paidAt": "2026-01-02T18:52:58.779Z"
    },
    {
      "id": "cmjwxa5ya000c947updqh7nwf",
      "period": "2026-03",
      "dueDate": "2026-03-01T12:00:00.000Z",
      "amount": 17500,
      "status": "UNPAID",
      "paidAt": null
    },
    {
      "id": "cmjwxa5ya000d947uh3q75z18",
      "period": "2026-04",
      "dueDate": "2026-04-01T12:00:00.000Z",
      "amount": 17500,
      "status": "UNPAID",
      "paidAt": null
    },
    {
      "id": "cmjwxa5ya000e947ud8mhkkkj",
      "period": "2026-05",
      "dueDate": "2026-05-01T12:00:00.000Z",
      "amount": 17500,
      "status": "UNPAID",
      "paidAt": null
    },
    {
      "id": "cmjwxa5ya000f947uvrhlxzlq",
      "period": "2026-06",
      "dueDate": "2026-06-01T12:00:00.000Z",
      "amount": 17500,
      "status": "UNPAID",
      "paidAt": null
    },
    {
      "id": "cmjwxa5ya000g947ukceuh91s",
      "period": "2026-07",
      "dueDate": "2026-07-01T12:00:00.000Z",
      "amount": 17500,
      "status": "UNPAID",
      "paidAt": null
    },
    {
      "id": "cmjwxa5ya000h947ufk4j6a6m",
      "period": "2026-08",
      "dueDate": "2026-08-01T12:00:00.000Z",
      "amount": 17500,
      "status": "UNPAID",
      "paidAt": null
    },
    {
      "id": "cmjwxa5ya000i947u47ivvswd",
      "period": "2026-09",
      "dueDate": "2026-09-01T12:00:00.000Z",
      "amount": 17500,
      "status": "UNPAID",
      "paidAt": null
    },
    {
      "id": "cmjwxa5ya000j947uw2wzwbrr",
      "period": "2026-10",
      "dueDate": "2026-10-01T12:00:00.000Z",
      "amount": 17500,
      "status": "UNPAID",
      "paidAt": null
    },
    {
      "id": "cmjwxa5ya000k947u0z9ah9ca",
      "period": "2026-11",
      "dueDate": "2026-11-01T12:00:00.000Z",
      "amount": 17500,
      "status": "UNPAID",
      "paidAt": null
    },
    {
      "id": "cmjwxa5ya000l947unfa9leyt",
      "period": "2026-12",
      "dueDate": "2026-12-01T12:00:00.000Z",
      "amount": 17500,
      "status": "UNPAID",
      "paidAt": null
    }
  ],
  "documents": [
    {
      "id": "cmjwyx6cv0000w67usy5ujokb",
      "type": "RECEIPT",
      "createdAt": "2026-01-02T14:27:26.959Z",
      "hasFile": false
    },
    {
      "id": "cmjwznsup0000xr7uw6cfe6u6",
      "type": "NOTICE",
      "createdAt": "2026-01-02T14:48:09.169Z",
      "hasFile": false
    },
    {
      "id": "cmjx8ep5n00009z7ugazh076y",
      "type": "RECEIPT",
      "createdAt": "2026-01-02T18:53:01.019Z",
      "hasFile": true
    },
    {
      "id": "cmjx8exm200019z7uv7204a1c",
      "type": "NOTICE",
      "createdAt": "2026-01-02T18:53:11.978Z",
      "hasFile": true
    },
    {
      "id": "cmjx8g0ac00029z7u91j70ao4",
      "type": "NOTICE",
      "createdAt": "2026-01-02T18:54:02.100Z",
      "hasFile": false
    }
  ]
}